name,overhang,sequence,color
P11_P,P,GCCTCCACACCGCTCGTCACATCCTGTGATCCATTCCCCGCCCATCTATCGTAACACCTCT,#f26520
E11-N_NOC,NOC,atgagcgatagtccgcagaaactgggtcgtaatgaatggaatgcatatatggataaagtgaaagccaaagatcgtgaagcctttgcctttgtgtttcgtttttatgcaccgaaactgaaacagttcgcctataaacatgttggcaatgaacaggttgcaatggaaatggttcaagaaaccatggcaaccgtttggcagaaagcacatctgtatgatggtaaaaaaagcgcactgagcacctggatttataccattattcgtaacctgtgctttgacctgctgcgtaaacagaaaggtaaagaactgcatattcacagcgacgatatttggccgagcgaaagtggtaaatgctttgctagggataccgaagtttattatgaaaacgatacggtaccacacatggaatcaattgaggagatgtatagtaaatacgcctcgatgaatggggaattaccattcgataatggttacgcagttccattagataatgtctttgtgtacacgttggacatcgctagtggtgaaattaagaaaacgagggcttcatacatctatcgcgagaaggttgagaagctcattgagataaaactatccagtggatactcccttaaggttactccctctcacccagttctcctctttagagatggcctgcaatgggtccccgctgctgaagttaaacctggagatgttgttgttggtgttagggaagaggtactgagaagaTAATAA,#f26520
E11-C_NOC,NOC,acagatgtaacgattaaaagaataatatccaaaggagaacttgaatttcatgaggtttcctcggtaaggataatagattacaataactgggtctacgaccttgtaattccggaaacccacaacttcatagctcccaatggacttgttctccataatacgcaattagttgatcattatagtccggaacaggatatgctgaaagaacaggtggttaaatttctggatatcctgccgaaaaatcagcgtgatgttctgcaagcagtttatctggaagaactgccgcatcagcaggttgcagaactgtttgatattccgctgggcaccgttaaaagccgtctgcgtctggcagttgaaaaactgcgtcatagcatgcataccgaacagctgcgtccagcggcaaacgatgagaactacgccgcgagcgtctaataa,#f26520
P20_P,P,GCGCGGATAAAAATTTCATTTGCCCGCGACGGTTTTTCCGCCCATCTATCGTTGAACCCA,#e23322
E20-N_NOC,NOC,aatgaaaccgatcctgatctggaactgctgaaacgtattggtaataatgatgcacaggccgttaaagaaatggttacccgtaaactgcctcgtctgctggcactggcaagtcgcctgctgggtgatgcagatgaagcacgtgatattgcacaagaaagttttctgcgcatttggaaacaggcagcaagctggcgtagcgaacaggcacgttttgatacctggctgcatcgtgttgcactgaatctgtgttatgatcgtctgcgtcgtcgtaaagaacatgtgccggttgatagcgaacatgcctgtgaatcaggatactgtctggatctgaaaacccaggttcagacaccgcagggtatgaaagaaatttcaaatattcaggtgggtgatctggttctgagcaataccggttataatgaagtgctgaatgtgtttccgaaaagcaaaaaaaaaagctataaaatcaccctggaagatggcaaagaaatcatttgtagcgaagaacacctgtttccgacccagaccggtgaaatgaatattagcggtggtctgaaagaaggtatgtgcctgtatgttaaagaaTAATAA,#e23322
E20-C_NOC,NOC,ctgaaaaaaatcctgaaaatcgaggaactggatgaacgcgaactgattgatattgaagttagcggtaaccacctgttctatgccaatgatattctgacccataattctagcagtgcaccggatgaacagctggaagcaagcgcacagagccgtcgtatggcacaggcactggatcagctgccggatcgtcagcgtgaagcaattgttctgcagtattatcaagaactgagcaataccgaagcagcagcactgatgcaaattagcgttgaagccctggaaagcctgctgagccgtgcacgtcgtaatctgcgtagccatctggccgaagcaccgggtgcagatctgagcggtcgtcgcaaaccgcgtccagcggcaaacgatgagaactacgccgcgagcgtctaataa,#e23322
P38_P,P,CAGTACAAAATTTTTTAGATGCGTTGTACAACCCTCACGGGGGTGGACGTGTCCAACTGGCGTGGCAGAGGTTCTCGATT,#81171b
E38-N_NOC,NOC,CCTGCCGCACGTCCGGCACGTATTACCAATCAGCGTGATGGTGCAGAAGATGCAGCAGCAGGCACCACCGTTGATCATCTGACCGAAACCTATCGTGCACATTATCGTAGCCTGCTGGGTTTAGCCGCACTGCTGCTGGATGATACCGCAAGCTGTGAAGATGTTGTTCAAGAAGCATTTATTCGCGTTCATAGCGCACGTAAACGTGTTCGTGATCCGGAAAAAACCCTGGCATATCTGCGTCAGACCGTTGTTAATCTGAGCCGTAGCGCACTGCGTCGTCGTATTCTGGGTCTGAAACTGCTGAGCAAACCGATGCCGttgaacaggtgtctgagcctggataccatggttgttaccaatggtaaagccattgaaattcgtgatgtgaaagttggtgattggctggaaagcgaatgtggtccggttcaggttaccgaagttctgccgattatcaaacagccggtttttgaaattgtgctgaaaagcggcaaaaaaatccgtgttagcgccaatcataaattcccgaccaaagatggtctgaaaaccattaatagcggtctgaaagtgggcgattttctgcgtagccgtgcaaaaTAATAA,#81171b
E38-C_NOC,NOC,tgtgaaatctttgaaaacgagatcgactgggatgaaattgccagcattgaatatgttggtgtggaagaaaccatcgatattaacgtgaccaatgatcgtctgttttttgccaatggtattctgacccataatagtgcggttGAGGGTGCATATGATCAGCTGGAACGTGATAGCCTGATTAAAGCAATGAAAGGTCTGCAACGTCGTCAGCGTGAAGTTCTGGTTCTGCGTTATTTTGCAGATATGACCGAAGCACAGGTTGCAGAAACCCTGGGTATTAGCCTGGGTAGCGTTAAAGCATATGGTAGCCGTGGTATTGCAGCACTGCGTGTTGCAATGGAAGCACCGGCATAATAA,#81171b
P42_P,P,CAGTACAAAATTTTTTAGATGCGTTCGCTGTCGATCCGGCCCGTCGTCGTTCGTCGTACCcccgagagcccgcgaaaggcgctcaccgtcacgaccg,#ca4642
E42-N_NOC,NOC,GCAGCAACCGATATTAGCGCACTGCTGGATACCCTGTGGCGTCGTGAAGCAAGCCGTATTATTGGTGCACTGGCACGTCAGCTGCGTGATGTTGGTCTGGCCGAAGAACTGGCACAGGATGCACTGGTTGCAGCACTGGAACATTGGCCTCGTAATGGTATTCCGGATAATCCGGCAGCATGGCTGATGACCACCGCAAAACATCGTGCAATTGATCGTCTGCGTCATTATCAGCTGCAGCGTCGTAAACAGGATGCCCTGAGCTTTGAAATTGAACGTGAACAGCAGGCAGCAAGCGCAGCACAGCTGGTTGATCCGGATGATGATCTGGGTGATGATCAGCTGCGTCTGATGTTTGTTGCATGTCATCCGGCACTGGGCACCGATGCACGTGTTGCACTGACCCTGCGTCTGCTGGGTGGTCTGAGTACCGATGCAATTGCCCGTGCATTTCTGGTTCCGGAAGCAACCATTGCACAGCGTATTGTTCGTGCAAAACGTACCCTGAGCGATAAAggtggaggttgttttgttccgggtacactggtgaataccgaaaatggtctgaaaaaaatcgaagaaatcaaagtgggcgacaaagtgtttagccataccggtaaactgcaagaagttgttgataccctgatctttgatcgtgatgaagagattattagcatcaacggtatcgactgcaccaaaaaccatgagttttatgtgatcgacaaagaaaatgccaatcgcgtgaacgaagataacattcacctgtttgcacgttgggttcatgccgaagaactggatatgaaaaaacatctgctgatcgagctggaaTAATAA,#ca4642
E42-C_NOC,NOC,acagatgtaacgattaaaaaattcaaactgaaagagatcaccagcatcgaaaccaaacactataaaggcaaagttcatgatctgaccgtgaatcaggatcatagctataacgttcgtggcaccgttgttcataattcgatatgcCCGCGTGGTAGCGAACGTCATGCACGTCTGGCAAGCGTTCTGGAAGTTCTGTATCTGATTTTTAACGAAGGCTATGCAGCCAGTGATGGTGATGATGCCCAGCGTCCGGCTCTGTGTCATGAAGCACTGAGCCTGATTGGTGTTCTGGCAGAGCAGATGCCGACCGCAGCCGAAGTTCATGCACTGCGTGCACTGATGGCACTGCAGGCCAGCCGTAGCGCAGCCCGTAGTGATGCAAGTGGTGCACCGGTTCTGCTGCTGGAACAGGATCGTAGCCGTTGGCATCAGCCGCTGATTCAGCTGGGTCTGGCAGCCCTGGCACGTGCACAGCAGCTGGGTGGCGGTGAAAGCAGCTATGCCCTGCAGGCAGCCATTGCAGCATGTCATGTTACCGCAGCCCAGGCCCAGGATACCGATTGGCCACGTATTGCAGCCCTGTATACCCGTCTGGCCCAGCGTGTTCCGAGTCCGGTTATTGCACTGAATCGTGCAGTTGCGATTGCAATGGCAGAAGGTCCGGCAGCCGGTCTGGTTCTGGTTGAAGCCCTGCAGCAGGATAGTGCACTGCGCCACTATCATCTGCTGCCGAGCGTTCGTGGTGATCTGCTGTATAAACTGGGTCGTTTTGATGAAGCACGTGCAGATTTTCTGCATGCCGCAACCCTGGCAGGTAATGCACGTGATAAAACCTTTCTGCTGACCCGTGCAGATGCATGTAGCGGTCTGCCTGCATAATAA,#ca4642
J23101_P,P,tttacagctagctcagtcctaggtattatgctagc,#000000
B0030_R,R,ATTAAAGAGGAGAAA,#666666
GFPmut3b_NOC,NOC,cgtaaaggagaagaacttttcactggagttgtcccaattcttgttgaattagatggtgatgttaatgggcacaaattttctgtcagtggagagggtgaaggtgatgcaacatacggaaaacttacccttaaatttatttgcactactggaaaactacctgttccatggccaacacttgtcactactttcggttatggtgttcaatgctttgcgagatacccagatcatatgaaacagcatgactttttcaagagtgccatgcccgaaggttatgtacaggaaagaactatatttttcaaagatgacgggaactacaagacacgtgctgaagtcaagtttgaaggtgatacccttgttaatagaatcgagttaaaaggtattgattttaaagaagatggaaacattcttggacacaaattggaatacaactataactcacacaatgtatacatcatggcagacaaacaaaagaatggaatcaaagttaacttcaaaattagacacaacattgaagatggaagcgttcaactagcagaccattatcaacaaaatactccaattggcgatggccctgtccttttaccagacaaccattacctgtccacacaatctgccctttcgaaagatcccaacgaaaagagagaccacatggtccttcttgagtttgtaacagctgctgggattacacatggcatggatgaactatacaaataataa,#069883
PBAD_P,P,AGAAACCAATTGTCCATATTGCATCAGACATTGCCGTCACTGCGTCTTTTACTGGCTCTTCTCGCTAACCAAACCGGTAACCCCGCTTATTAAAAGCATTCTGTAACAAAGCGGGACCAAAGCCATGACAAAAACGCGTAACAAAAGTGTCTATAATCACGGCAGAAAAGTCCACATTGATTATTTGCACGGCGTCACACTTTGCTATGCCATAGCATTTTTATCCATAAGATTAGCGGATCCTACCTGACGCTTTTTATCGCAACTCTCTACTGTTTCTCCAT,#5ba5ae
PCymRC_P,P,AACAAACAGACAATCTGGTCTGTTTGTATTATGGAAAATTTTTCTGTATAATAGATTCAACAAACAGACAATCTGGTCTGTTTGTATTAT,#3f89ad
PSalTTC_P,P,GGGGCCTCGCTTGGGTTATTGCTGGTGCCCGGCCGGGCGCAATATTCATGTTGATGATTTATTATATATCGAGTGGTGTATTTATTTATATTGTTTGCTCCGTTACCGTTATTAAC,#16486d
PCin_P,P,CCCTTTGTGCGTCCAAACGGACGCACGGCGCTCTAAAGCGGGTCGCGATCTTTCAGATTCGCTCCTCGCGCTTTCAGTCTTTGTTTTGGCGCATGTCGTTATCGCAAAACCGCTGCACACTTTTGCGCGACATGCTCTGATCCCCCTCATCTGGGGGGGCCTATCTGAGGGAATTTCCGATCCGGCTCGCCTGAACCATTCTGCTTTCCACGAACTTGAAAACGCT,#3f89ad
PLuxB_P,P,ACCTGTAGGATCGTACAGGTTTACGCAAGAAAATGGTTTGTTACAGTCGAATAAA,#303c54
mCherry_O,O,GTGAGCAAGGGCGAGGAGGATAACATGGCCATCATCAAGGAGTTCATGCGCTTCAAGGTGCACATGGAGGGCTCCGTGAACGGCCACGAGTTCGAGATCGAGGGCGAGGGCGAGGGCCGCCCCTACGAGGGCACCCAGACCGCCAAGCTGAAGGTGACCAAGGGTGGCCCCCTGCCCTTCGCCTGGGACATCCTGTCCCCTCAGTTCATGTACGGCTCCAAGGCCTACGTGAAGCACCCCGCCGACATCCCCGACTACTTGAAGCTGTCCTTCCCCGAGGGCTTCAAGTGGGAGCGCGTGATGAACTTCGAGGACGGCGGCGTGGTGACCGTGACCCAGGACTCCTCCTTGCAGGACGGCGAGTTCATCTACAAGGTGAAGCTGCGCGGCACCAACTTCCCCTCCGACGGCCCCGTAATGCAGAAGAAAACCATGGGCTGGGAGGCCTCCTCCGAGCGGATGTACCCCGAGGACGGCGCCCTGAAGGGCGAGATCAAGCAGAGGCTGAAGCTGAAGGACGGCGGCCACTACGACGCTGAGGTCAAGACCACCTACAAGGCCAAGAAGCCCGTGCAGCTGCCCGGCGCCTACAACGTCAACATCAAGTTGGACATCACCTCCCACAACGAGGACTACACCATCGTGGAACAGTACGAACGCGCCGAGGGCCGCCACTCCACCGGCGGCATGGACGAGCTGTACAAG,#f26520
sfGFP_O,O,CGTAAAGGCGAAGAGCTGTTCACTGGTGTCGTCCCTATTCTGGTGGAACTGGATGGTGATGTCAACGGTCATAAGTTTTCCGTGCGTGGCGAGGGTGAAGGTGACGCAACTAATGGTAAACTGACGCTGAAGTTCATCTGTACTACTGGTAAACTGCCGGTACCTTGGCCGACTCTGGTAACGACGCTGACTTATGGTGTTCAGTGCTTTGCTCGTTATCCGGACCATATGAAGCAGCATGACTTCTTCAAGTCCGCCATGCCGGAAGGCTATGTGCAGGAACGCACGATTTCCTTTAAGGATGACGGCACGTACAAAACGCGTGCGGAAGTGAAATTTGAAGGCGATACCCTGGTAAACCGCATTGAGCTGAAAGGCATTGACTTTAAAGAAGATGGCAATATCCTGGGCCATAAGCTGGAATACAATTTTAACAGCCACAATGTTTACATCACCGCCGATAAACAAAAAAATGGCATTAAAGCGAATTTTAAAATTCGCCACAACGTGGAGGATGGCAGCGTGCAGCTGGCTGATCACTACCAGCAAAACACTCCAATCGGTGATGGTCCTGTTCTGCTGCCAGACAATCACTATCTGAGCACGCAAAGCGTTCTGTCTAAAGATCCGAACGAGAAACGCGATCATATGGTTCTGCTGGAGTTCGTAACCGCAGCGGGCATCACGCATGGTATGGATGAACTGTACAAA,#81171b