name,sequence,size,amplicon
E15-N_NOC,AGGGCGGCGGATTTGTCCTACTCAGGAGAGCGTTCACCGACAAACAACAGATAAAACGAAAGGCCCAGTCTTTCGACTGAGCCTTTCGTTTTATTTGATGCCTTTAATTAAGGAGTTTTGCAGGTGCACCTGCTTTTCGCTGAATTCGCGGCCGCTTCTAGAGGGTCTGCGATGTTTGGTCTCAAATGACCCAGACCCCGAAAGCACCGGCAAAACATCGTGATCCGCGTGATGAACTGCCGGAACATCTGCCTGCACTGCGTGCATTTGCAATTAGCCTGACCCGTAATGTTGCAGTTGCAGATGATCTGGTTCAGGATACCATTGTTAAAGCCTGGACCAACTTCGATAAATTTACGGAAGCAGGTGGTTGTTTTTCTGGAGATACATTAGTCGCTTTAACTGATGGTCGTAGCGTTAGCTTTGAGCAATTGGTTGAAGAAGAAAAACAAGGAAAACAAAACTTTTGTTATACCATCCGCCATGATGGTTCTATAGGGGTTGAAAAAATCATCAATGCCCGCAAAACAAAAACTAATGCGAAGGTAATCAAGGTTACGTTGGACAATGGTGAGTCTATTATTTGCACCCCGGATCATAAATTCATGTTGCGGGATGGGAGCTACAAATGTGCGATGGATTTAACTCTCGATGATTCGTTAATGCCGTTACACCGAAAAATTTCGACTACGGAAGATTCTGGTCATGCGTAATAAGCTTTGAGACCTTTCATCGCGACCTACTAGTAGCGGCCGCTGCAGGGAGTTGTCTTCGAAGACTTCGCTCTAGTCTTGGACTCCTGTTGATAGATCCAGTAATGACCTCAGAACTCCATCTGGATTTGTTCAGAACGCTCGGTTGCCGCCGGGCGTTTTTTATTGGTGAGAATCCAGGGGTCCCCAATAATTACGATTTAAATTAGTAGCCCGCCTAATGAGCGGGCTTTTTTTTAATTCCCCTATTTGTTTATTTTTCTAAATACATTCAAATATGTATCCGCTCATGAGACAATAACCCTGATAAATGCTTCAATAATATTGAAAAAGGAAGAGTATGAGCATTCAGCATTTTCGTGTGGCGCTGATTCCGTTTTTTGCGGCGTTTTGCCTGCCGGTGTTTGCGCATCCGGAAACCCTGGTGAAAGTGAAAGATGCGGAAGATCAACTGGGTGCGCGCGTGGGCTATATTGAACTGGATCTGAACAGCGGCAAAATTCTGGAATCTTTTCGTCCGGAAGAACGTTTTCCGATGATGAGCACCTTTAAAGTGCTGCTGTGCGGTGCGGTTCTGAGCCGTGTGGATGCGGGCCAGGAACAACTGGGCCGTCGTATTCATTATAGCCAGAACGATCTGGTGGAATATAGCCCGGTGACCGAAAAACATCTGACCGATGGCATGACCGTGCGTGAACTGTGCAGCGCGGCGATTACCATGAGCGATAACACCGCGGCGAACCTGCTGCTGACGACCATTGGCGGTCCGAAAGAACTGACCGCGTTTCTGCATAACATGGGCGATCATGTGACCCGTCTGGATCGTTGGGAACCGGAACTGAACGAAGCGATTCCGAACGATGAACGTGATACCACCATGCCGGCAGCAATGGCGACCACCCTGCGTAAACTGCTGACGGGTGAGCTGCTGACCCTGGCAAGCCGCCAGCAACTGATTGATTGGATGGAAGCGGATAAAGTGGCGGGTCCGCTGCTGCGTAGCGCGCTGCCGGCTGGCTGGTTTATTGCGGATAAAAGCGGTGCGGGCGAACGTGGCAGCCGTGGCATTATTGCGGCGCTGGGCCCGGATGGTAAACCGAGCCGTATTGTGGTGATTTATACCACCGGCAGCCAGGCGACGATGGATGAACGTAACCGTCAGATTGCGGAAATTGGCGCGAGCCTGATTAAACATTGGTAAACCGATACAATTAAAGGCTCCTTTTGGAGCCTTTTTTTTTGGACGACCCTTGTCCTTTTCCGCTGCATAACCCTGCTTCGGGGTCATTATAGCGATTTTTTCGGTATATCCATCCTTTTTCGCACGATATACAGGATTTTGCCAAAGGGTTCGTGTAGACTTTCCTTGGTGTATCCAACGGCGTCAGCCGGGCAGGATAGGTGAAGTAGGCCCACCCGCGAGCGGGTGTTCCTTCTTCACTGTCCCTTATTCGCACCTGGCGGTGCTCAACGGGAATCCTGCTCTGCGAGGCTGGCCGTAGGCCGGCCCCGTAGAAAAGATCAAAGGATCTTCTTGAGATCCTTTTTTTCTGCGCGTAATCTGCTGCTTGCAAACAAAAAAACCACCGCTACCAGCGGTGGTTTGTTTGCCGGATCAAGAGCTACCAACTCTTTTTCCGAAGGTAACTGGCTTCAGCAGAGCGCAGATACCAAATACTGTTCTTCTAGTGTAGCCGTAGTTAGGCCACCACTTCAAGAACTCTGTAGCACCGCCTACATACCTCGCTCTGCTAATCCTGTTACCAGTGGCTGCTGCCAGTGGCGATAAGTCGTGTCTTACCGGGTTGGACTCAAGACGATAGTTACCGGATAAGGCGCAGCGGTCGGGCTGAACGGGGGGTTCGTGCACACAGCCCAGCTTGGAGCGAACGACCTACACCGAACTGAGATACCTACAGCGTGAGCTATGAGAAAGCGCCACGCTTCCCGAAGGGAGAAAGGCGGACAGGTATCCGGTAAGCGGCAGGGTCGGAACAGGAGAGCGCACGAGGGAGCTTCCAGGGGGAAACGCCTGGTATCTTTATAGTCCTGTCGGGTTTCGCCACCTCTGACTTGAGCGTCGATTTTTGTGATGCTCGTCAGGGGGGCGGAGCCTATGGAAAAACGCCAGCAACGCGGCCTTTTTACGGTTCCTGGCCTTTTGCTGGCCTTTTGCTCACATGTTCTTTCCTGCGTTATCCCCTGATTCTGTGGATAACCGTATTACCGCCTTTGAGTGAGCTGATACCGCTCGCCGCAGCCGAACGACCGAGCGCAGCGAGTCAGTGAGCGAGGAAGCGGAAGAGCGCCCAATACGCAAACCGCCTCTCCCCGCGCGTTGGCCGATTCATTAATGCAGCTGGCACGACAGGTTTCCCGACTGGAAAGCGGGCAGTGAGCGCAACGCAATTAATGTGAGTTAGCTCACTCATTAGGCAGGCGCGCCCAGCTGTCT,3168,865
E15-C_NOC,AGGGCGGCGGATTTGTCCTACTCAGGAGAGCGTTCACCGACAAACAACAGATAAAACGAAAGGCCCAGTCTTTCGACTGAGCCTTTCGTTTTATTTGATGCCTTTAATTAAGGAGTTTTGCAGGTGCACCTGCTTTTCGCTGAATTCGCGGCCGCTTCTAGAGGGTCTGCGATGTTTGGTCTCAAATGGAAGCAGTATTAAATTACAATCACAGAATTGTAAATATTGAAGCTGTGTCAGAAACAATCGATGTTTATGATATTGAGGTTCCCCACACCCACAATTTTGCTTTGGCAAGCGGAGTGTTTGTCCATAACAGTGCAAAACTGCGTGCCTGGCTGTTTACCATTCTGCGTAATACCTTCTATAGCGATAAACGTAAACATCGTCGTGAAGTTCCAGATCCGGAAGGTGTTCATGCAGCAAGCCTGTTTGTTAAACCGGCACATGATGGTCATCTGGCATTTAGCGATTTTAGCGCAGCATTTGATCAGCTGAGCCCTGAACACCGTGAAGTGCTGATTCTGGTTGGTGCAAGCGGTTTTGCCTATGAAGATGCAGCACAGATGATGGGTGTTGCCGTTGGCACCGTTAAAAGCCGTGCAAATCGTGCACGTGCCCGTCTGGCAGAACTGCTGGGTCTGGAAAAAGGTGAAGAAATTTTTAGCGGTGTTGATGGTCAGACCCTGGCAGTTATGAGCCGTAGCGGTATGACCGCAGCATAAGCTTTGAGACCTTTCATCGCGACCTACTAGTAGCGGCCGCTGCAGGGAGTTGTCTTCGAAGACTTCGCTCTAGTCTTGGACTCCTGTTGATAGATCCAGTAATGACCTCAGAACTCCATCTGGATTTGTTCAGAACGCTCGGTTGCCGCCGGGCGTTTTTTATTGGTGAGAATCCAGGGGTCCCCAATAATTACGATTTAAATTAGTAGCCCGCCTAATGAGCGGGCTTTTTTTTAATTCCCCTATTTGTTTATTTTTCTAAATACATTCAAATATGTATCCGCTCATGAGACAATAACCCTGATAAATGCTTCAATAATATTGAAAAAGGAAGAGTATGAGCATTCAGCATTTTCGTGTGGCGCTGATTCCGTTTTTTGCGGCGTTTTGCCTGCCGGTGTTTGCGCATCCGGAAACCCTGGTGAAAGTGAAAGATGCGGAAGATCAACTGGGTGCGCGCGTGGGCTATATTGAACTGGATCTGAACAGCGGCAAAATTCTGGAATCTTTTCGTCCGGAAGAACGTTTTCCGATGATGAGCACCTTTAAAGTGCTGCTGTGCGGTGCGGTTCTGAGCCGTGTGGATGCGGGCCAGGAACAACTGGGCCGTCGTATTCATTATAGCCAGAACGATCTGGTGGAATATAGCCCGGTGACCGAAAAACATCTGACCGATGGCATGACCGTGCGTGAACTGTGCAGCGCGGCGATTACCATGAGCGATAACACCGCGGCGAACCTGCTGCTGACGACCATTGGCGGTCCGAAAGAACTGACCGCGTTTCTGCATAACATGGGCGATCATGTGACCCGTCTGGATCGTTGGGAACCGGAACTGAACGAAGCGATTCCGAACGATGAACGTGATACCACCATGCCGGCAGCAATGGCGACCACCCTGCGTAAACTGCTGACGGGTGAGCTGCTGACCCTGGCAAGCCGCCAGCAACTGATTGATTGGATGGAAGCGGATAAAGTGGCGGGTCCGCTGCTGCGTAGCGCGCTGCCGGCTGGCTGGTTTATTGCGGATAAAAGCGGTGCGGGCGAACGTGGCAGCCGTGGCATTATTGCGGCGCTGGGCCCGGATGGTAAACCGAGCCGTATTGTGGTGATTTATACCACCGGCAGCCAGGCGACGATGGATGAACGTAACCGTCAGATTGCGGAAATTGGCGCGAGCCTGATTAAACATTGGTAAACCGATACAATTAAAGGCTCCTTTTGGAGCCTTTTTTTTTGGACGACCCTTGTCCTTTTCCGCTGCATAACCCTGCTTCGGGGTCATTATAGCGATTTTTTCGGTATATCCATCCTTTTTCGCACGATATACAGGATTTTGCCAAAGGGTTCGTGTAGACTTTCCTTGGTGTATCCAACGGCGTCAGCCGGGCAGGATAGGTGAAGTAGGCCCACCCGCGAGCGGGTGTTCCTTCTTCACTGTCCCTTATTCGCACCTGGCGGTGCTCAACGGGAATCCTGCTCTGCGAGGCTGGCCGTAGGCCGGCCCCGTAGAAAAGATCAAAGGATCTTCTTGAGATCCTTTTTTTCTGCGCGTAATCTGCTGCTTGCAAACAAAAAAACCACCGCTACCAGCGGTGGTTTGTTTGCCGGATCAAGAGCTACCAACTCTTTTTCCGAAGGTAACTGGCTTCAGCAGAGCGCAGATACCAAATACTGTTCTTCTAGTGTAGCCGTAGTTAGGCCACCACTTCAAGAACTCTGTAGCACCGCCTACATACCTCGCTCTGCTAATCCTGTTACCAGTGGCTGCTGCCAGTGGCGATAAGTCGTGTCTTACCGGGTTGGACTCAAGACGATAGTTACCGGATAAGGCGCAGCGGTCGGGCTGAACGGGGGGTTCGTGCACACAGCCCAGCTTGGAGCGAACGACCTACACCGAACTGAGATACCTACAGCGTGAGCTATGAGAAAGCGCCACGCTTCCCGAAGGGAGAAAGGCGGACAGGTATCCGGTAAGCGGCAGGGTCGGAACAGGAGAGCGCACGAGGGAGCTTCCAGGGGGAAACGCCTGGTATCTTTATAGTCCTGTCGGGTTTCGCCACCTCTGACTTGAGCGTCGATTTTTGTGATGCTCGTCAGGGGGGCGGAGCCTATGGAAAAACGCCAGCAACGCGGCCTTTTTACGGTTCCTGGCCTTTTGCTGGCCTTTTGCTCACATGTTCTTTCCTGCGTTATCCCCTGATTCTGTGGATAACCGTATTACCGCCTTTGAGTGAGCTGATACCGCTCGCCGCAGCCGAACGACCGAGCGCAGCGAGTCAGTGAGCGAGGAAGCGGAAGAGCGCCCAATACGCAAACCGCCTCTCCCCGCGCGTTGGCCGATTCATTAATGCAGCTGGCACGACAGGTTTCCCGACTGGAAAGCGGGCAGTGAGCGCAACGCAATTAATGTGAGTTAGCTCACTCATTAGGCAGGCGCGCCCAGCTGTCT,3177,874
E17-N_NOC,AGGGCGGCGGATTTGTCCTACTCAGGAGAGCGTTCACCGACAAACAACAGATAAAACGAAAGGCCCAGTCTTTCGACTGAGCCTTTCGTTTTATTTGATGCCTTTAATTAAGGAGTTTTGCAGGTGCACCTGCTTTTCGCTGAATTCGCGGCCGCTTCTAGAGGGTCTGCGATGTTTGGTCTCAAATGGCACGTGTTAGCGGTGCAGCAGCAGCCGAAGCAGCACTGATGCGTGCACTGTATGATGAACATGCAGCAGTTCTGTGGCGTTATGCACTGCGTCTGACCGGTGATGCAGCACAGGCAGAAGATGTTGTTCAAGAAACCCTGCTGCGTGCATGGCAGCATCCGGAAGTTATTGGTGATACCGCACGTCCGGCACGCGCATGGCTGTTTACCGTTGCACGTAATATGATTATTGATGAACGTCGTAGCGCACGTTTTCGTAATGTTGTTGGTAGCACCGATGTGGATGCTTGCATCTCGGGAGATAGTTTGATCAGCTTGGCGAGCACAGGGAAAAGAGTTCCTATTAAGGATTTGTTAGGCGAAAAAGATTTTGAAATATGGGCAATTAATGAACAGACGATGAAGCTGGAATCAGCTAAAGTTAGTCGTGTATTTTGTACCGGCAAAAAGCTAGTCTATACTCTAAAAACTCGACTAGGTAGAACTATCAAGGCAACAGCAAATCATAGATTTTTAACTATTGATGGTTGGAAAAGATTAGATGAGCTATCTTTAAAAGAGCATATTGCTCTACCCCGTAAACTAGAATAATAAGCTTTGAGACCTTTCATCGCGACCTACTAGTAGCGGCCGCTGCAGGGAGTTGTCTTCGAAGACTTCGCTCTAGTCTTGGACTCCTGTTGATAGATCCAGTAATGACCTCAGAACTCCATCTGGATTTGTTCAGAACGCTCGGTTGCCGCCGGGCGTTTTTTATTGGTGAGAATCCAGGGGTCCCCAATAATTACGATTTAAATTAGTAGCCCGCCTAATGAGCGGGCTTTTTTTTAATTCCCCTATTTGTTTATTTTTCTAAATACATTCAAATATGTATCCGCTCATGAGACAATAACCCTGATAAATGCTTCAATAATATTGAAAAAGGAAGAGTATGAGCATTCAGCATTTTCGTGTGGCGCTGATTCCGTTTTTTGCGGCGTTTTGCCTGCCGGTGTTTGCGCATCCGGAAACCCTGGTGAAAGTGAAAGATGCGGAAGATCAACTGGGTGCGCGCGTGGGCTATATTGAACTGGATCTGAACAGCGGCAAAATTCTGGAATCTTTTCGTCCGGAAGAACGTTTTCCGATGATGAGCACCTTTAAAGTGCTGCTGTGCGGTGCGGTTCTGAGCCGTGTGGATGCGGGCCAGGAACAACTGGGCCGTCGTATTCATTATAGCCAGAACGATCTGGTGGAATATAGCCCGGTGACCGAAAAACATCTGACCGATGGCATGACCGTGCGTGAACTGTGCAGCGCGGCGATTACCATGAGCGATAACACCGCGGCGAACCTGCTGCTGACGACCATTGGCGGTCCGAAAGAACTGACCGCGTTTCTGCATAACATGGGCGATCATGTGACCCGTCTGGATCGTTGGGAACCGGAACTGAACGAAGCGATTCCGAACGATGAACGTGATACCACCATGCCGGCAGCAATGGCGACCACCCTGCGTAAACTGCTGACGGGTGAGCTGCTGACCCTGGCAAGCCGCCAGCAACTGATTGATTGGATGGAAGCGGATAAAGTGGCGGGTCCGCTGCTGCGTAGCGCGCTGCCGGCTGGCTGGTTTATTGCGGATAAAAGCGGTGCGGGCGAACGTGGCAGCCGTGGCATTATTGCGGCGCTGGGCCCGGATGGTAAACCGAGCCGTATTGTGGTGATTTATACCACCGGCAGCCAGGCGACGATGGATGAACGTAACCGTCAGATTGCGGAAATTGGCGCGAGCCTGATTAAACATTGGTAAACCGATACAATTAAAGGCTCCTTTTGGAGCCTTTTTTTTTGGACGACCCTTGTCCTTTTCCGCTGCATAACCCTGCTTCGGGGTCATTATAGCGATTTTTTCGGTATATCCATCCTTTTTCGCACGATATACAGGATTTTGCCAAAGGGTTCGTGTAGACTTTCCTTGGTGTATCCAACGGCGTCAGCCGGGCAGGATAGGTGAAGTAGGCCCACCCGCGAGCGGGTGTTCCTTCTTCACTGTCCCTTATTCGCACCTGGCGGTGCTCAACGGGAATCCTGCTCTGCGAGGCTGGCCGTAGGCCGGCCCCGTAGAAAAGATCAAAGGATCTTCTTGAGATCCTTTTTTTCTGCGCGTAATCTGCTGCTTGCAAACAAAAAAACCACCGCTACCAGCGGTGGTTTGTTTGCCGGATCAAGAGCTACCAACTCTTTTTCCGAAGGTAACTGGCTTCAGCAGAGCGCAGATACCAAATACTGTTCTTCTAGTGTAGCCGTAGTTAGGCCACCACTTCAAGAACTCTGTAGCACCGCCTACATACCTCGCTCTGCTAATCCTGTTACCAGTGGCTGCTGCCAGTGGCGATAAGTCGTGTCTTACCGGGTTGGACTCAAGACGATAGTTACCGGATAAGGCGCAGCGGTCGGGCTGAACGGGGGGTTCGTGCACACAGCCCAGCTTGGAGCGAACGACCTACACCGAACTGAGATACCTACAGCGTGAGCTATGAGAAAGCGCCACGCTTCCCGAAGGGAGAAAGGCGGACAGGTATCCGGTAAGCGGCAGGGTCGGAACAGGAGAGCGCACGAGGGAGCTTCCAGGGGGAAACGCCTGGTATCTTTATAGTCCTGTCGGGTTTCGCCACCTCTGACTTGAGCGTCGATTTTTGTGATGCTCGTCAGGGGGGCGGAGCCTATGGAAAAACGCCAGCAACGCGGCCTTTTTACGGTTCCTGGCCTTTTGCTGGCCTTTTGCTCACATGTTCTTTCCTGCGTTATCCCCTGATTCTGTGGATAACCGTATTACCGCCTTTGAGTGAGCTGATACCGCTCGCCGCAGCCGAACGACCGAGCGCAGCGAGTCAGTGAGCGAGGAAGCGGAAGAGCGCCCAATACGCAAACCGCCTCTCCCCGCGCGTTGGCCGATTCATTAATGCAGCTGGCACGACAGGTTTCCCGACTGGAAAGCGGGCAGTGAGCGCAACGCAATTAATGTGAGTTAGCTCACTCATTAGGCAGGCGCGCCCAGCTGTCT,3234,931
E17-C_NOC,AGGGCGGCGGATTTGTCCTACTCAGGAGAGCGTTCACCGACAAACAACAGATAAAACGAAAGGCCCAGTCTTTCGACTGAGCCTTTCGTTTTATTTGATGCCTTTAATTAAGGAGTTTTGCAGGTGCACCTGCTTTTCGCTGAATTCGCGGCCGCTTCTAGAGGGTCTGCGATGTTTGGTCTCAAATGAGCTCCTCTTTACAATTGGCACCAGAAATAGAAAAGTTGCCTCAGAGTGATATTTACTGGGACCCCATCGTTTCTATTACGGAGACTGGAGTCGAAGAGGTTTTTGATTTGACTGTGCCAGGACTACGTAACTTTGTCGCCAATGACATCATTGTACATAACAGCGATCTGCAGAGCACACCGGATGAAGTTAATGCAGCACTGGATCGTCTGCTGATTGCAGATGCACTGGCACAGCTGAGCGCAGAACATCGTGCAGTTATTCAGCGTAGCTATTATCGTGGTTGGAGCACCGCACAGATTGCAACCGATCTGGGTATTGCAGAAGGCACCGTTAAAAGCCGTCTGCATTATGCAGTTCGTGCCCTGCGCCTGACCCTGCAAGAACTGGGTGTTACCCGTTAAGCTTTGAGACCTTTCATCGCGACCTACTAGTAGCGGCCGCTGCAGGGAGTTGTCTTCGAAGACTTCGCTCTAGTCTTGGACTCCTGTTGATAGATCCAGTAATGACCTCAGAACTCCATCTGGATTTGTTCAGAACGCTCGGTTGCCGCCGGGCGTTTTTTATTGGTGAGAATCCAGGGGTCCCCAATAATTACGATTTAAATTAGTAGCCCGCCTAATGAGCGGGCTTTTTTTTAATTCCCCTATTTGTTTATTTTTCTAAATACATTCAAATATGTATCCGCTCATGAGACAATAACCCTGATAAATGCTTCAATAATATTGAAAAAGGAAGAGTATGAGCATTCAGCATTTTCGTGTGGCGCTGATTCCGTTTTTTGCGGCGTTTTGCCTGCCGGTGTTTGCGCATCCGGAAACCCTGGTGAAAGTGAAAGATGCGGAAGATCAACTGGGTGCGCGCGTGGGCTATATTGAACTGGATCTGAACAGCGGCAAAATTCTGGAATCTTTTCGTCCGGAAGAACGTTTTCCGATGATGAGCACCTTTAAAGTGCTGCTGTGCGGTGCGGTTCTGAGCCGTGTGGATGCGGGCCAGGAACAACTGGGCCGTCGTATTCATTATAGCCAGAACGATCTGGTGGAATATAGCCCGGTGACCGAAAAACATCTGACCGATGGCATGACCGTGCGTGAACTGTGCAGCGCGGCGATTACCATGAGCGATAACACCGCGGCGAACCTGCTGCTGACGACCATTGGCGGTCCGAAAGAACTGACCGCGTTTCTGCATAACATGGGCGATCATGTGACCCGTCTGGATCGTTGGGAACCGGAACTGAACGAAGCGATTCCGAACGATGAACGTGATACCACCATGCCGGCAGCAATGGCGACCACCCTGCGTAAACTGCTGACGGGTGAGCTGCTGACCCTGGCAAGCCGCCAGCAACTGATTGATTGGATGGAAGCGGATAAAGTGGCGGGTCCGCTGCTGCGTAGCGCGCTGCCGGCTGGCTGGTTTATTGCGGATAAAAGCGGTGCGGGCGAACGTGGCAGCCGTGGCATTATTGCGGCGCTGGGCCCGGATGGTAAACCGAGCCGTATTGTGGTGATTTATACCACCGGCAGCCAGGCGACGATGGATGAACGTAACCGTCAGATTGCGGAAATTGGCGCGAGCCTGATTAAACATTGGTAAACCGATACAATTAAAGGCTCCTTTTGGAGCCTTTTTTTTTGGACGACCCTTGTCCTTTTCCGCTGCATAACCCTGCTTCGGGGTCATTATAGCGATTTTTTCGGTATATCCATCCTTTTTCGCACGATATACAGGATTTTGCCAAAGGGTTCGTGTAGACTTTCCTTGGTGTATCCAACGGCGTCAGCCGGGCAGGATAGGTGAAGTAGGCCCACCCGCGAGCGGGTGTTCCTTCTTCACTGTCCCTTATTCGCACCTGGCGGTGCTCAACGGGAATCCTGCTCTGCGAGGCTGGCCGTAGGCCGGCCCCGTAGAAAAGATCAAAGGATCTTCTTGAGATCCTTTTTTTCTGCGCGTAATCTGCTGCTTGCAAACAAAAAAACCACCGCTACCAGCGGTGGTTTGTTTGCCGGATCAAGAGCTACCAACTCTTTTTCCGAAGGTAACTGGCTTCAGCAGAGCGCAGATACCAAATACTGTTCTTCTAGTGTAGCCGTAGTTAGGCCACCACTTCAAGAACTCTGTAGCACCGCCTACATACCTCGCTCTGCTAATCCTGTTACCAGTGGCTGCTGCCAGTGGCGATAAGTCGTGTCTTACCGGGTTGGACTCAAGACGATAGTTACCGGATAAGGCGCAGCGGTCGGGCTGAACGGGGGGTTCGTGCACACAGCCCAGCTTGGAGCGAACGACCTACACCGAACTGAGATACCTACAGCGTGAGCTATGAGAAAGCGCCACGCTTCCCGAAGGGAGAAAGGCGGACAGGTATCCGGTAAGCGGCAGGGTCGGAACAGGAGAGCGCACGAGGGAGCTTCCAGGGGGAAACGCCTGGTATCTTTATAGTCCTGTCGGGTTTCGCCACCTCTGACTTGAGCGTCGATTTTTGTGATGCTCGTCAGGGGGGCGGAGCCTATGGAAAAACGCCAGCAACGCGGCCTTTTTACGGTTCCTGGCCTTTTGCTGGCCTTTTGCTCACATGTTCTTTCCTGCGTTATCCCCTGATTCTGTGGATAACCGTATTACCGCCTTTGAGTGAGCTGATACCGCTCGCCGCAGCCGAACGACCGAGCGCAGCGAGTCAGTGAGCGAGGAAGCGGAAGAGCGCCCAATACGCAAACCGCCTCTCCCCGCGCGTTGGCCGATTCATTAATGCAGCTGGCACGACAGGTTTCCCGACTGGAAAGCGGGCAGTGAGCGCAACGCAATTAATGTGAGTTAGCTCACTCATTAGGCAGGCGCGCCCAGCTGTCT,3045,742
E22-C_NOC,AGGGCGGCGGATTTGTCCTACTCAGGAGAGCGTTCACCGACAAACAACAGATAAAACGAAAGGCCCAGTCTTTCGACTGAGCCTTTCGTTTTATTTGATGCCTTTAATTAAGGAGTTTTGCAGGTGCACCTGCTTTTCGCTGAATTCGCGGCCGCTTCTAGAGGGTCTGCGATGTTTGGTCTCAAATGGGTTTAAAAATTATAAAACGTGAATCAAAGGAACCAGTGTTTGACATTACTGTCAAAGATAATAGCAATTTTTTTGCCAATAATATCTTGGTGCATAACTGCAATGAGCTGGATGTTGGCACCCTGGTTGATAGCATTGCAGATCCGCATGCTCGCGATCCGGCACGTGAACATCAGCTGACCGCACTGTATACCTTTATTGCACAGCTGCCTCGTCTGGAACGTGCCCTGATGCTGCTGTATCTGGATGATCATAGTTATCGTGAAATTGCAGATGTGCTGGGTATTAGCGAAACCAATGTTGCCACCAAACTGAGCCGTCTGAAAGCACGTATTCGTGCAGAACTGTAATAAGCTTTGAGACCTTTCATCGCGACCTACTAGTAGCGGCCGCTGCAGGGAGTTGTCTTCGAAGACTTCGCTCTAGTCTTGGACTCCTGTTGATAGATCCAGTAATGACCTCAGAACTCCATCTGGATTTGTTCAGAACGCTCGGTTGCCGCCGGGCGTTTTTTATTGGTGAGAATCCAGGGGTCCCCAATAATTACGATTTAAATTAGTAGCCCGCCTAATGAGCGGGCTTTTTTTTAATTCCCCTATTTGTTTATTTTTCTAAATACATTCAAATATGTATCCGCTCATGAGACAATAACCCTGATAAATGCTTCAATAATATTGAAAAAGGAAGAGTATGAGCATTCAGCATTTTCGTGTGGCGCTGATTCCGTTTTTTGCGGCGTTTTGCCTGCCGGTGTTTGCGCATCCGGAAACCCTGGTGAAAGTGAAAGATGCGGAAGATCAACTGGGTGCGCGCGTGGGCTATATTGAACTGGATCTGAACAGCGGCAAAATTCTGGAATCTTTTCGTCCGGAAGAACGTTTTCCGATGATGAGCACCTTTAAAGTGCTGCTGTGCGGTGCGGTTCTGAGCCGTGTGGATGCGGGCCAGGAACAACTGGGCCGTCGTATTCATTATAGCCAGAACGATCTGGTGGAATATAGCCCGGTGACCGAAAAACATCTGACCGATGGCATGACCGTGCGTGAACTGTGCAGCGCGGCGATTACCATGAGCGATAACACCGCGGCGAACCTGCTGCTGACGACCATTGGCGGTCCGAAAGAACTGACCGCGTTTCTGCATAACATGGGCGATCATGTGACCCGTCTGGATCGTTGGGAACCGGAACTGAACGAAGCGATTCCGAACGATGAACGTGATACCACCATGCCGGCAGCAATGGCGACCACCCTGCGTAAACTGCTGACGGGTGAGCTGCTGACCCTGGCAAGCCGCCAGCAACTGATTGATTGGATGGAAGCGGATAAAGTGGCGGGTCCGCTGCTGCGTAGCGCGCTGCCGGCTGGCTGGTTTATTGCGGATAAAAGCGGTGCGGGCGAACGTGGCAGCCGTGGCATTATTGCGGCGCTGGGCCCGGATGGTAAACCGAGCCGTATTGTGGTGATTTATACCACCGGCAGCCAGGCGACGATGGATGAACGTAACCGTCAGATTGCGGAAATTGGCGCGAGCCTGATTAAACATTGGTAAACCGATACAATTAAAGGCTCCTTTTGGAGCCTTTTTTTTTGGACGACCCTTGTCCTTTTCCGCTGCATAACCCTGCTTCGGGGTCATTATAGCGATTTTTTCGGTATATCCATCCTTTTTCGCACGATATACAGGATTTTGCCAAAGGGTTCGTGTAGACTTTCCTTGGTGTATCCAACGGCGTCAGCCGGGCAGGATAGGTGAAGTAGGCCCACCCGCGAGCGGGTGTTCCTTCTTCACTGTCCCTTATTCGCACCTGGCGGTGCTCAACGGGAATCCTGCTCTGCGAGGCTGGCCGTAGGCCGGCCCCGTAGAAAAGATCAAAGGATCTTCTTGAGATCCTTTTTTTCTGCGCGTAATCTGCTGCTTGCAAACAAAAAAACCACCGCTACCAGCGGTGGTTTGTTTGCCGGATCAAGAGCTACCAACTCTTTTTCCGAAGGTAACTGGCTTCAGCAGAGCGCAGATACCAAATACTGTTCTTCTAGTGTAGCCGTAGTTAGGCCACCACTTCAAGAACTCTGTAGCACCGCCTACATACCTCGCTCTGCTAATCCTGTTACCAGTGGCTGCTGCCAGTGGCGATAAGTCGTGTCTTACCGGGTTGGACTCAAGACGATAGTTACCGGATAAGGCGCAGCGGTCGGGCTGAACGGGGGGTTCGTGCACACAGCCCAGCTTGGAGCGAACGACCTACACCGAACTGAGATACCTACAGCGTGAGCTATGAGAAAGCGCCACGCTTCCCGAAGGGAGAAAGGCGGACAGGTATCCGGTAAGCGGCAGGGTCGGAACAGGAGAGCGCACGAGGGAGCTTCCAGGGGGAAACGCCTGGTATCTTTATAGTCCTGTCGGGTTTCGCCACCTCTGACTTGAGCGTCGATTTTTGTGATGCTCGTCAGGGGGGCGGAGCCTATGGAAAAACGCCAGCAACGCGGCCTTTTTACGGTTCCTGGCCTTTTGCTGGCCTTTTGCTCACATGTTCTTTCCTGCGTTATCCCCTGATTCTGTGGATAACCGTATTACCGCCTTTGAGTGAGCTGATACCGCTCGCCGCAGCCGAACGACCGAGCGCAGCGAGTCAGTGAGCGAGGAAGCGGAAGAGCGCCCAATACGCAAACCGCCTCTCCCCGCGCGTTGGCCGATTCATTAATGCAGCTGGCACGACAGGTTTCCCGACTGGAAAGCGGGCAGTGAGCGCAACGCAATTAATGTGAGTTAGCTCACTCATTAGGCAGGCGCGCCCAGCTGTCT,2994,691
E34-N_NOC,AGGGCGGCGGATTTGTCCTACTCAGGAGAGCGTTCACCGACAAACAACAGATAAAACGAAAGGCCCAGTCTTTCGACTGAGCCTTTCGTTTTATTTGATGCCTTTAATTAAGGAGTTTTGCAGGTGCACCTGCTTTTCGCTGAATTCGCGGCCGCTTCTAGAGGGTCTGCGATGTTTGGTCTCAAATGAATACCCGTACCCGTCCGACCACCACACCGGTTCCGCCTGTTGAAGAAACCCGTTATGAAGAAGAACTGGCACACGGTCTGGTTAAAGCAGATGAAGATGCATTTGCAGCCATTTATCGTCGTTGGGGTAGCCTGGTTCATACCCTGGCAACCCGTAGCCTGGGTGATGCACATGAAGCAGAAGATGTTACCCAGCAGGTTTTTGTTGGTGCATGGCGTGGTCGTCATGGTTTTCGTCCGGAACGTGGCACCCTGGGAGCGTGGCTGGTTGGTATTACCCGTCGTAAAGTTGTTGATGCACTGGCAGCACGCACCCGTCGTCTGAGCCTGGTTGAAAGCGCAGGTCACGATGGAGCGCTGGCCTATGACGAACCCATCTATCTGTCGGATGGCAACATTATAAATATTGGTGAATTTGTTGATAAATTTTTCAAAAAGTACAAAAACTCTATCAAAAAGGAAGATAACGGTTTTGGATGGATTGACATTGGCAATGAAAACATTTACATTAAGTCGTTCAATAAGCTTAGTCTTATCATCGAAGATAAGCGCATTCTGCGGGTTTGGCGAAAAAAATACTCAGGTAAATTAATTAAGATCACCACCAAAAATCGCCGCGAGATTACACTAACACACGACCACCCTGTTTATATCTCTAAAACCGGTGAGGTGCTGGAAATTAATGCCGAAATGGTTAAAGTCGGTGATTACATTTACATCCCGAAAAATAACACGTAATAAGCTTTGAGACCTTTCATCGCGACCTACTAGTAGCGGCCGCTGCAGGGAGTTGTCTTCGAAGACTTCGCTCTAGTCTTGGACTCCTGTTGATAGATCCAGTAATGACCTCAGAACTCCATCTGGATTTGTTCAGAACGCTCGGTTGCCGCCGGGCGTTTTTTATTGGTGAGAATCCAGGGGTCCCCAATAATTACGATTTAAATTAGTAGCCCGCCTAATGAGCGGGCTTTTTTTTAATTCCCCTATTTGTTTATTTTTCTAAATACATTCAAATATGTATCCGCTCATGAGACAATAACCCTGATAAATGCTTCAATAATATTGAAAAAGGAAGAGTATGAGCATTCAGCATTTTCGTGTGGCGCTGATTCCGTTTTTTGCGGCGTTTTGCCTGCCGGTGTTTGCGCATCCGGAAACCCTGGTGAAAGTGAAAGATGCGGAAGATCAACTGGGTGCGCGCGTGGGCTATATTGAACTGGATCTGAACAGCGGCAAAATTCTGGAATCTTTTCGTCCGGAAGAACGTTTTCCGATGATGAGCACCTTTAAAGTGCTGCTGTGCGGTGCGGTTCTGAGCCGTGTGGATGCGGGCCAGGAACAACTGGGCCGTCGTATTCATTATAGCCAGAACGATCTGGTGGAATATAGCCCGGTGACCGAAAAACATCTGACCGATGGCATGACCGTGCGTGAACTGTGCAGCGCGGCGATTACCATGAGCGATAACACCGCGGCGAACCTGCTGCTGACGACCATTGGCGGTCCGAAAGAACTGACCGCGTTTCTGCATAACATGGGCGATCATGTGACCCGTCTGGATCGTTGGGAACCGGAACTGAACGAAGCGATTCCGAACGATGAACGTGATACCACCATGCCGGCAGCAATGGCGACCACCCTGCGTAAACTGCTGACGGGTGAGCTGCTGACCCTGGCAAGCCGCCAGCAACTGATTGATTGGATGGAAGCGGATAAAGTGGCGGGTCCGCTGCTGCGTAGCGCGCTGCCGGCTGGCTGGTTTATTGCGGATAAAAGCGGTGCGGGCGAACGTGGCAGCCGTGGCATTATTGCGGCGCTGGGCCCGGATGGTAAACCGAGCCGTATTGTGGTGATTTATACCACCGGCAGCCAGGCGACGATGGATGAACGTAACCGTCAGATTGCGGAAATTGGCGCGAGCCTGATTAAACATTGGTAAACCGATACAATTAAAGGCTCCTTTTGGAGCCTTTTTTTTTGGACGACCCTTGTCCTTTTCCGCTGCATAACCCTGCTTCGGGGTCATTATAGCGATTTTTTCGGTATATCCATCCTTTTTCGCACGATATACAGGATTTTGCCAAAGGGTTCGTGTAGACTTTCCTTGGTGTATCCAACGGCGTCAGCCGGGCAGGATAGGTGAAGTAGGCCCACCCGCGAGCGGGTGTTCCTTCTTCACTGTCCCTTATTCGCACCTGGCGGTGCTCAACGGGAATCCTGCTCTGCGAGGCTGGCCGTAGGCCGGCCCCGTAGAAAAGATCAAAGGATCTTCTTGAGATCCTTTTTTTCTGCGCGTAATCTGCTGCTTGCAAACAAAAAAACCACCGCTACCAGCGGTGGTTTGTTTGCCGGATCAAGAGCTACCAACTCTTTTTCCGAAGGTAACTGGCTTCAGCAGAGCGCAGATACCAAATACTGTTCTTCTAGTGTAGCCGTAGTTAGGCCACCACTTCAAGAACTCTGTAGCACCGCCTACATACCTCGCTCTGCTAATCCTGTTACCAGTGGCTGCTGCCAGTGGCGATAAGTCGTGTCTTACCGGGTTGGACTCAAGACGATAGTTACCGGATAAGGCGCAGCGGTCGGGCTGAACGGGGGGTTCGTGCACACAGCCCAGCTTGGAGCGAACGACCTACACCGAACTGAGATACCTACAGCGTGAGCTATGAGAAAGCGCCACGCTTCCCGAAGGGAGAAAGGCGGACAGGTATCCGGTAAGCGGCAGGGTCGGAACAGGAGAGCGCACGAGGGAGCTTCCAGGGGGAAACGCCTGGTATCTTTATAGTCCTGTCGGGTTTCGCCACCTCTGACTTGAGCGTCGATTTTTGTGATGCTCGTCAGGGGGGCGGAGCCTATGGAAAAACGCCAGCAACGCGGCCTTTTTACGGTTCCTGGCCTTTTGCTGGCCTTTTGCTCACATGTTCTTTCCTGCGTTATCCCCTGATTCTGTGGATAACCGTATTACCGCCTTTGAGTGAGCTGATACCGCTCGCCGCAGCCGAACGACCGAGCGCAGCGAGTCAGTGAGCGAGGAAGCGGAAGAGCGCCCAATACGCAAACCGCCTCTCCCCGCGCGTTGGCCGATTCATTAATGCAGCTGGCACGACAGGTTTCCCGACTGGAAAGCGGGCAGTGAGCGCAACGCAATTAATGTGAGTTAGCTCACTCATTAGGCAGGCGCGCCCAGCTGTCT,3381,1078
E34-C_NOC,AGGGCGGCGGATTTGTCCTACTCAGGAGAGCGTTCACCGACAAACAACAGATAAAACGAAAGGCCCAGTCTTTCGACTGAGCCTTTCGTTTTATTTGATGCCTTTAATTAAGGAGTTTTGCAGGTGCACCTGCTTTTCGCTGAATTCGCGGCCGCTTCTAGAGGGTCTGCGATGTTTGGTCTCAAATGATTAACCTGGATGAAGTAATCAAAGTTGAAACAGTGGACTATAATGGCCACATTTATGATTTAACCGTCGAGGATAATCACACCTACATCGCAGGTAAGAACGAGGGCTTCGCTGTTTCAAATTGCTCGGGTCGTCTGGTTCAGCCTGCACTGGATGAAGTTCTGGATCGTGTTCTGCTGGTTGAAGCACTGAGCCGTCTGCCGCAGGCACAGCGTGATGTTCTGTGTATGGCATTTTATGAAGATCTGACCCAGGCACAGATTGCAGAACGTACCGGTGTTCCGCTGGGCACCGTTAAAAGCCATGCACGTCGTGGTCTGCATCGTCTGCGTACCGCAGTTGGTCCGGGTGCAGCACATGATACCTGTGTTTAAGCTTTGAGACCTTTCATCGCGACCTACTAGTAGCGGCCGCTGCAGGGAGTTGTCTTCGAAGACTTCGCTCTAGTCTTGGACTCCTGTTGATAGATCCAGTAATGACCTCAGAACTCCATCTGGATTTGTTCAGAACGCTCGGTTGCCGCCGGGCGTTTTTTATTGGTGAGAATCCAGGGGTCCCCAATAATTACGATTTAAATTAGTAGCCCGCCTAATGAGCGGGCTTTTTTTTAATTCCCCTATTTGTTTATTTTTCTAAATACATTCAAATATGTATCCGCTCATGAGACAATAACCCTGATAAATGCTTCAATAATATTGAAAAAGGAAGAGTATGAGCATTCAGCATTTTCGTGTGGCGCTGATTCCGTTTTTTGCGGCGTTTTGCCTGCCGGTGTTTGCGCATCCGGAAACCCTGGTGAAAGTGAAAGATGCGGAAGATCAACTGGGTGCGCGCGTGGGCTATATTGAACTGGATCTGAACAGCGGCAAAATTCTGGAATCTTTTCGTCCGGAAGAACGTTTTCCGATGATGAGCACCTTTAAAGTGCTGCTGTGCGGTGCGGTTCTGAGCCGTGTGGATGCGGGCCAGGAACAACTGGGCCGTCGTATTCATTATAGCCAGAACGATCTGGTGGAATATAGCCCGGTGACCGAAAAACATCTGACCGATGGCATGACCGTGCGTGAACTGTGCAGCGCGGCGATTACCATGAGCGATAACACCGCGGCGAACCTGCTGCTGACGACCATTGGCGGTCCGAAAGAACTGACCGCGTTTCTGCATAACATGGGCGATCATGTGACCCGTCTGGATCGTTGGGAACCGGAACTGAACGAAGCGATTCCGAACGATGAACGTGATACCACCATGCCGGCAGCAATGGCGACCACCCTGCGTAAACTGCTGACGGGTGAGCTGCTGACCCTGGCAAGCCGCCAGCAACTGATTGATTGGATGGAAGCGGATAAAGTGGCGGGTCCGCTGCTGCGTAGCGCGCTGCCGGCTGGCTGGTTTATTGCGGATAAAAGCGGTGCGGGCGAACGTGGCAGCCGTGGCATTATTGCGGCGCTGGGCCCGGATGGTAAACCGAGCCGTATTGTGGTGATTTATACCACCGGCAGCCAGGCGACGATGGATGAACGTAACCGTCAGATTGCGGAAATTGGCGCGAGCCTGATTAAACATTGGTAAACCGATACAATTAAAGGCTCCTTTTGGAGCCTTTTTTTTTGGACGACCCTTGTCCTTTTCCGCTGCATAACCCTGCTTCGGGGTCATTATAGCGATTTTTTCGGTATATCCATCCTTTTTCGCACGATATACAGGATTTTGCCAAAGGGTTCGTGTAGACTTTCCTTGGTGTATCCAACGGCGTCAGCCGGGCAGGATAGGTGAAGTAGGCCCACCCGCGAGCGGGTGTTCCTTCTTCACTGTCCCTTATTCGCACCTGGCGGTGCTCAACGGGAATCCTGCTCTGCGAGGCTGGCCGTAGGCCGGCCCCGTAGAAAAGATCAAAGGATCTTCTTGAGATCCTTTTTTTCTGCGCGTAATCTGCTGCTTGCAAACAAAAAAACCACCGCTACCAGCGGTGGTTTGTTTGCCGGATCAAGAGCTACCAACTCTTTTTCCGAAGGTAACTGGCTTCAGCAGAGCGCAGATACCAAATACTGTTCTTCTAGTGTAGCCGTAGTTAGGCCACCACTTCAAGAACTCTGTAGCACCGCCTACATACCTCGCTCTGCTAATCCTGTTACCAGTGGCTGCTGCCAGTGGCGATAAGTCGTGTCTTACCGGGTTGGACTCAAGACGATAGTTACCGGATAAGGCGCAGCGGTCGGGCTGAACGGGGGGTTCGTGCACACAGCCCAGCTTGGAGCGAACGACCTACACCGAACTGAGATACCTACAGCGTGAGCTATGAGAAAGCGCCACGCTTCCCGAAGGGAGAAAGGCGGACAGGTATCCGGTAAGCGGCAGGGTCGGAACAGGAGAGCGCACGAGGGAGCTTCCAGGGGGAAACGCCTGGTATCTTTATAGTCCTGTCGGGTTTCGCCACCTCTGACTTGAGCGTCGATTTTTGTGATGCTCGTCAGGGGGGCGGAGCCTATGGAAAAACGCCAGCAACGCGGCCTTTTTACGGTTCCTGGCCTTTTGCTGGCCTTTTGCTCACATGTTCTTTCCTGCGTTATCCCCTGATTCTGTGGATAACCGTATTACCGCCTTTGAGTGAGCTGATACCGCTCGCCGCAGCCGAACGACCGAGCGCAGCGAGTCAGTGAGCGAGGAAGCGGAAGAGCGCCCAATACGCAAACCGCCTCTCCCCGCGCGTTGGCCGATTCATTAATGCAGCTGGCACGACAGGTTTCCCGACTGGAAAGCGGGCAGTGAGCGCAACGCAATTAATGTGAGTTAGCTCACTCATTAGGCAGGCGCGCCCAGCTGTCT,3015,712
PBAD_P,AGGGCGGCGGATTTGTCCTACTCAGGAGAGCGTTCACCGACAAACAACAGATAAAACGAAAGGCCCAGTCTTTCGACTGAGCCTTTCGTTTTATTTGATGCCTTTAATTAAGGAGTTTTGCAGGTGCACCTGCTTTTCGCTGAATTCGCGGCCGCTTCTAGAGGGTCTGCGATGTTTGGTCTCAGGAGAGAAACCAATTGTCCATATTGCATCAGACATTGCCGTCACTGCGTCTTTTACTGGCTCTTCTCGCTAACCAAACCGGTAACCCCGCTTATTAAAAGCATTCTGTAACAAAGCGGGACCAAAGCCATGACAAAAACGCGTAACAAAAGTGTCTATAATCACGGCAGAAAAGTCCACATTGATTATTTGCACGGCGTCACACTTTGCTATGCCATAGCATTTTTATCCATAAGATTAGCGGATCCTACCTGACGCTTTTTATCGCAACTCTCTACTGTTTCTCCATTACTTGAGACCTTTCATCGCGACCTACTAGTAGCGGCCGCTGCAGGGAGTTGTCTTCGAAGACTTCGCTCTAGTCTTGGACTCCTGTTGATAGATCCAGTAATGACCTCAGAACTCCATCTGGATTTGTTCAGAACGCTCGGTTGCCGCCGGGCGTTTTTTATTGGTGAGAATCCAGGGGTCCCCAATAATTACGATTTAAATTAGTAGCCCGCCTAATGAGCGGGCTTTTTTTTAATTCCCCTATTTGTTTATTTTTCTAAATACATTCAAATATGTATCCGCTCATGAGACAATAACCCTGATAAATGCTTCAATAATATTGAAAAAGGAAGAGTATGAGCATTCAGCATTTTCGTGTGGCGCTGATTCCGTTTTTTGCGGCGTTTTGCCTGCCGGTGTTTGCGCATCCGGAAACCCTGGTGAAAGTGAAAGATGCGGAAGATCAACTGGGTGCGCGCGTGGGCTATATTGAACTGGATCTGAACAGCGGCAAAATTCTGGAATCTTTTCGTCCGGAAGAACGTTTTCCGATGATGAGCACCTTTAAAGTGCTGCTGTGCGGTGCGGTTCTGAGCCGTGTGGATGCGGGCCAGGAACAACTGGGCCGTCGTATTCATTATAGCCAGAACGATCTGGTGGAATATAGCCCGGTGACCGAAAAACATCTGACCGATGGCATGACCGTGCGTGAACTGTGCAGCGCGGCGATTACCATGAGCGATAACACCGCGGCGAACCTGCTGCTGACGACCATTGGCGGTCCGAAAGAACTGACCGCGTTTCTGCATAACATGGGCGATCATGTGACCCGTCTGGATCGTTGGGAACCGGAACTGAACGAAGCGATTCCGAACGATGAACGTGATACCACCATGCCGGCAGCAATGGCGACCACCCTGCGTAAACTGCTGACGGGTGAGCTGCTGACCCTGGCAAGCCGCCAGCAACTGATTGATTGGATGGAAGCGGATAAAGTGGCGGGTCCGCTGCTGCGTAGCGCGCTGCCGGCTGGCTGGTTTATTGCGGATAAAAGCGGTGCGGGCGAACGTGGCAGCCGTGGCATTATTGCGGCGCTGGGCCCGGATGGTAAACCGAGCCGTATTGTGGTGATTTATACCACCGGCAGCCAGGCGACGATGGATGAACGTAACCGTCAGATTGCGGAAATTGGCGCGAGCCTGATTAAACATTGGTAAACCGATACAATTAAAGGCTCCTTTTGGAGCCTTTTTTTTTGGACGACCCTTGTCCTTTTCCGCTGCATAACCCTGCTTCGGGGTCATTATAGCGATTTTTTCGGTATATCCATCCTTTTTCGCACGATATACAGGATTTTGCCAAAGGGTTCGTGTAGACTTTCCTTGGTGTATCCAACGGCGTCAGCCGGGCAGGATAGGTGAAGTAGGCCCACCCGCGAGCGGGTGTTCCTTCTTCACTGTCCCTTATTCGCACCTGGCGGTGCTCAACGGGAATCCTGCTCTGCGAGGCTGGCCGTAGGCCGGCCCCGTAGAAAAGATCAAAGGATCTTCTTGAGATCCTTTTTTTCTGCGCGTAATCTGCTGCTTGCAAACAAAAAAACCACCGCTACCAGCGGTGGTTTGTTTGCCGGATCAAGAGCTACCAACTCTTTTTCCGAAGGTAACTGGCTTCAGCAGAGCGCAGATACCAAATACTGTTCTTCTAGTGTAGCCGTAGTTAGGCCACCACTTCAAGAACTCTGTAGCACCGCCTACATACCTCGCTCTGCTAATCCTGTTACCAGTGGCTGCTGCCAGTGGCGATAAGTCGTGTCTTACCGGGTTGGACTCAAGACGATAGTTACCGGATAAGGCGCAGCGGTCGGGCTGAACGGGGGGTTCGTGCACACAGCCCAGCTTGGAGCGAACGACCTACACCGAACTGAGATACCTACAGCGTGAGCTATGAGAAAGCGCCACGCTTCCCGAAGGGAGAAAGGCGGACAGGTATCCGGTAAGCGGCAGGGTCGGAACAGGAGAGCGCACGAGGGAGCTTCCAGGGGGAAACGCCTGGTATCTTTATAGTCCTGTCGGGTTTCGCCACCTCTGACTTGAGCGTCGATTTTTGTGATGCTCGTCAGGGGGGCGGAGCCTATGGAAAAACGCCAGCAACGCGGCCTTTTTACGGTTCCTGGCCTTTTGCTGGCCTTTTGCTCACATGTTCTTTCCTGCGTTATCCCCTGATTCTGTGGATAACCGTATTACCGCCTTTGAGTGAGCTGATACCGCTCGCCGCAGCCGAACGACCGAGCGCAGCGAGTCAGTGAGCGAGGAAGCGGAAGAGCGCCCAATACGCAAACCGCCTCTCCCCGCGCGTTGGCCGATTCATTAATGCAGCTGGCACGACAGGTTTCCCGACTGGAAAGCGGGCAGTGAGCGCAACGCAATTAATGTGAGTTAGCTCACTCATTAGGCAGGCGCGCCCAGCTGTCT,2924,621
PSalTTC_P,AGGGCGGCGGATTTGTCCTACTCAGGAGAGCGTTCACCGACAAACAACAGATAAAACGAAAGGCCCAGTCTTTCGACTGAGCCTTTCGTTTTATTTGATGCCTTTAATTAAGGAGTTTTGCAGGTGCACCTGCTTTTCGCTGAATTCGCGGCCGCTTCTAGAGGGTCTGCGATGTTTGGTCTCAGGAGGGGGCCTCGCTTGGGTTATTGCTGGTGCCCGGCCGGGCGCAATATTCATGTTGATGATTTATTATATATCGAGTGGTGTATTTATTTATATTGTTTGCTCCGTTACCGTTATTAACTACTTGAGACCTTTCATCGCGACCTACTAGTAGCGGCCGCTGCAGGGAGTTGTCTTCGAAGACTTCGCTCTAGTCTTGGACTCCTGTTGATAGATCCAGTAATGACCTCAGAACTCCATCTGGATTTGTTCAGAACGCTCGGTTGCCGCCGGGCGTTTTTTATTGGTGAGAATCCAGGGGTCCCCAATAATTACGATTTAAATTAGTAGCCCGCCTAATGAGCGGGCTTTTTTTTAATTCCCCTATTTGTTTATTTTTCTAAATACATTCAAATATGTATCCGCTCATGAGACAATAACCCTGATAAATGCTTCAATAATATTGAAAAAGGAAGAGTATGAGCATTCAGCATTTTCGTGTGGCGCTGATTCCGTTTTTTGCGGCGTTTTGCCTGCCGGTGTTTGCGCATCCGGAAACCCTGGTGAAAGTGAAAGATGCGGAAGATCAACTGGGTGCGCGCGTGGGCTATATTGAACTGGATCTGAACAGCGGCAAAATTCTGGAATCTTTTCGTCCGGAAGAACGTTTTCCGATGATGAGCACCTTTAAAGTGCTGCTGTGCGGTGCGGTTCTGAGCCGTGTGGATGCGGGCCAGGAACAACTGGGCCGTCGTATTCATTATAGCCAGAACGATCTGGTGGAATATAGCCCGGTGACCGAAAAACATCTGACCGATGGCATGACCGTGCGTGAACTGTGCAGCGCGGCGATTACCATGAGCGATAACACCGCGGCGAACCTGCTGCTGACGACCATTGGCGGTCCGAAAGAACTGACCGCGTTTCTGCATAACATGGGCGATCATGTGACCCGTCTGGATCGTTGGGAACCGGAACTGAACGAAGCGATTCCGAACGATGAACGTGATACCACCATGCCGGCAGCAATGGCGACCACCCTGCGTAAACTGCTGACGGGTGAGCTGCTGACCCTGGCAAGCCGCCAGCAACTGATTGATTGGATGGAAGCGGATAAAGTGGCGGGTCCGCTGCTGCGTAGCGCGCTGCCGGCTGGCTGGTTTATTGCGGATAAAAGCGGTGCGGGCGAACGTGGCAGCCGTGGCATTATTGCGGCGCTGGGCCCGGATGGTAAACCGAGCCGTATTGTGGTGATTTATACCACCGGCAGCCAGGCGACGATGGATGAACGTAACCGTCAGATTGCGGAAATTGGCGCGAGCCTGATTAAACATTGGTAAACCGATACAATTAAAGGCTCCTTTTGGAGCCTTTTTTTTTGGACGACCCTTGTCCTTTTCCGCTGCATAACCCTGCTTCGGGGTCATTATAGCGATTTTTTCGGTATATCCATCCTTTTTCGCACGATATACAGGATTTTGCCAAAGGGTTCGTGTAGACTTTCCTTGGTGTATCCAACGGCGTCAGCCGGGCAGGATAGGTGAAGTAGGCCCACCCGCGAGCGGGTGTTCCTTCTTCACTGTCCCTTATTCGCACCTGGCGGTGCTCAACGGGAATCCTGCTCTGCGAGGCTGGCCGTAGGCCGGCCCCGTAGAAAAGATCAAAGGATCTTCTTGAGATCCTTTTTTTCTGCGCGTAATCTGCTGCTTGCAAACAAAAAAACCACCGCTACCAGCGGTGGTTTGTTTGCCGGATCAAGAGCTACCAACTCTTTTTCCGAAGGTAACTGGCTTCAGCAGAGCGCAGATACCAAATACTGTTCTTCTAGTGTAGCCGTAGTTAGGCCACCACTTCAAGAACTCTGTAGCACCGCCTACATACCTCGCTCTGCTAATCCTGTTACCAGTGGCTGCTGCCAGTGGCGATAAGTCGTGTCTTACCGGGTTGGACTCAAGACGATAGTTACCGGATAAGGCGCAGCGGTCGGGCTGAACGGGGGGTTCGTGCACACAGCCCAGCTTGGAGCGAACGACCTACACCGAACTGAGATACCTACAGCGTGAGCTATGAGAAAGCGCCACGCTTCCCGAAGGGAGAAAGGCGGACAGGTATCCGGTAAGCGGCAGGGTCGGAACAGGAGAGCGCACGAGGGAGCTTCCAGGGGGAAACGCCTGGTATCTTTATAGTCCTGTCGGGTTTCGCCACCTCTGACTTGAGCGTCGATTTTTGTGATGCTCGTCAGGGGGGCGGAGCCTATGGAAAAACGCCAGCAACGCGGCCTTTTTACGGTTCCTGGCCTTTTGCTGGCCTTTTGCTCACATGTTCTTTCCTGCGTTATCCCCTGATTCTGTGGATAACCGTATTACCGCCTTTGAGTGAGCTGATACCGCTCGCCGCAGCCGAACGACCGAGCGCAGCGAGTCAGTGAGCGAGGAAGCGGAAGAGCGCCCAATACGCAAACCGCCTCTCCCCGCGCGTTGGCCGATTCATTAATGCAGCTGGCACGACAGGTTTCCCGACTGGAAAGCGGGCAGTGAGCGCAACGCAATTAATGTGAGTTAGCTCACTCATTAGGCAGGCGCGCCCAGCTGTCT,2756,453
PLuxB_P,AGGGCGGCGGATTTGTCCTACTCAGGAGAGCGTTCACCGACAAACAACAGATAAAACGAAAGGCCCAGTCTTTCGACTGAGCCTTTCGTTTTATTTGATGCCTTTAATTAAGGAGTTTTGCAGGTGCACCTGCTTTTCGCTGAATTCGCGGCCGCTTCTAGAGGGTCTGCGATGTTTGGTCTCAGGAGACCTGTAGGATCGTACAGGTTTACGCAAGAAAATGGTTTGTTACAGTCGAATAAATACTTGAGACCTTTCATCGCGACCTACTAGTAGCGGCCGCTGCAGGGAGTTGTCTTCGAAGACTTCGCTCTAGTCTTGGACTCCTGTTGATAGATCCAGTAATGACCTCAGAACTCCATCTGGATTTGTTCAGAACGCTCGGTTGCCGCCGGGCGTTTTTTATTGGTGAGAATCCAGGGGTCCCCAATAATTACGATTTAAATTAGTAGCCCGCCTAATGAGCGGGCTTTTTTTTAATTCCCCTATTTGTTTATTTTTCTAAATACATTCAAATATGTATCCGCTCATGAGACAATAACCCTGATAAATGCTTCAATAATATTGAAAAAGGAAGAGTATGAGCATTCAGCATTTTCGTGTGGCGCTGATTCCGTTTTTTGCGGCGTTTTGCCTGCCGGTGTTTGCGCATCCGGAAACCCTGGTGAAAGTGAAAGATGCGGAAGATCAACTGGGTGCGCGCGTGGGCTATATTGAACTGGATCTGAACAGCGGCAAAATTCTGGAATCTTTTCGTCCGGAAGAACGTTTTCCGATGATGAGCACCTTTAAAGTGCTGCTGTGCGGTGCGGTTCTGAGCCGTGTGGATGCGGGCCAGGAACAACTGGGCCGTCGTATTCATTATAGCCAGAACGATCTGGTGGAATATAGCCCGGTGACCGAAAAACATCTGACCGATGGCATGACCGTGCGTGAACTGTGCAGCGCGGCGATTACCATGAGCGATAACACCGCGGCGAACCTGCTGCTGACGACCATTGGCGGTCCGAAAGAACTGACCGCGTTTCTGCATAACATGGGCGATCATGTGACCCGTCTGGATCGTTGGGAACCGGAACTGAACGAAGCGATTCCGAACGATGAACGTGATACCACCATGCCGGCAGCAATGGCGACCACCCTGCGTAAACTGCTGACGGGTGAGCTGCTGACCCTGGCAAGCCGCCAGCAACTGATTGATTGGATGGAAGCGGATAAAGTGGCGGGTCCGCTGCTGCGTAGCGCGCTGCCGGCTGGCTGGTTTATTGCGGATAAAAGCGGTGCGGGCGAACGTGGCAGCCGTGGCATTATTGCGGCGCTGGGCCCGGATGGTAAACCGAGCCGTATTGTGGTGATTTATACCACCGGCAGCCAGGCGACGATGGATGAACGTAACCGTCAGATTGCGGAAATTGGCGCGAGCCTGATTAAACATTGGTAAACCGATACAATTAAAGGCTCCTTTTGGAGCCTTTTTTTTTGGACGACCCTTGTCCTTTTCCGCTGCATAACCCTGCTTCGGGGTCATTATAGCGATTTTTTCGGTATATCCATCCTTTTTCGCACGATATACAGGATTTTGCCAAAGGGTTCGTGTAGACTTTCCTTGGTGTATCCAACGGCGTCAGCCGGGCAGGATAGGTGAAGTAGGCCCACCCGCGAGCGGGTGTTCCTTCTTCACTGTCCCTTATTCGCACCTGGCGGTGCTCAACGGGAATCCTGCTCTGCGAGGCTGGCCGTAGGCCGGCCCCGTAGAAAAGATCAAAGGATCTTCTTGAGATCCTTTTTTTCTGCGCGTAATCTGCTGCTTGCAAACAAAAAAACCACCGCTACCAGCGGTGGTTTGTTTGCCGGATCAAGAGCTACCAACTCTTTTTCCGAAGGTAACTGGCTTCAGCAGAGCGCAGATACCAAATACTGTTCTTCTAGTGTAGCCGTAGTTAGGCCACCACTTCAAGAACTCTGTAGCACCGCCTACATACCTCGCTCTGCTAATCCTGTTACCAGTGGCTGCTGCCAGTGGCGATAAGTCGTGTCTTACCGGGTTGGACTCAAGACGATAGTTACCGGATAAGGCGCAGCGGTCGGGCTGAACGGGGGGTTCGTGCACACAGCCCAGCTTGGAGCGAACGACCTACACCGAACTGAGATACCTACAGCGTGAGCTATGAGAAAGCGCCACGCTTCCCGAAGGGAGAAAGGCGGACAGGTATCCGGTAAGCGGCAGGGTCGGAACAGGAGAGCGCACGAGGGAGCTTCCAGGGGGAAACGCCTGGTATCTTTATAGTCCTGTCGGGTTTCGCCACCTCTGACTTGAGCGTCGATTTTTGTGATGCTCGTCAGGGGGGCGGAGCCTATGGAAAAACGCCAGCAACGCGGCCTTTTTACGGTTCCTGGCCTTTTGCTGGCCTTTTGCTCACATGTTCTTTCCTGCGTTATCCCCTGATTCTGTGGATAACCGTATTACCGCCTTTGAGTGAGCTGATACCGCTCGCCGCAGCCGAACGACCGAGCGCAGCGAGTCAGTGAGCGAGGAAGCGGAAGAGCGCCCAATACGCAAACCGCCTCTCCCCGCGCGTTGGCCGATTCATTAATGCAGCTGGCACGACAGGTTTCCCGACTGGAAAGCGGGCAGTGAGCGCAACGCAATTAATGTGAGTTAGCTCACTCATTAGGCAGGCGCGCCCAGCTGTCT,2695,392
PTac_P,AGGGCGGCGGATTTGTCCTACTCAGGAGAGCGTTCACCGACAAACAACAGATAAAACGAAAGGCCCAGTCTTTCGACTGAGCCTTTCGTTTTATTTGATGCCTTTAATTAAGGAGTTTTGCAGGTGCACCTGCTTTTCGCTGAATTCGCGGCCGCTTCTAGAGGGTCTGCGATGTTTGGTCTCAGGAGTGTTGACAATTAATCATCGGCTCGTATAATGTGTGGAATTGTGAGCGCTCACAATTTACTTGAGACCTTTCATCGCGACCTACTAGTAGCGGCCGCTGCAGGGAGTTGTCTTCGAAGACTTCGCTCTAGTCTTGGACTCCTGTTGATAGATCCAGTAATGACCTCAGAACTCCATCTGGATTTGTTCAGAACGCTCGGTTGCCGCCGGGCGTTTTTTATTGGTGAGAATCCAGGGGTCCCCAATAATTACGATTTAAATTAGTAGCCCGCCTAATGAGCGGGCTTTTTTTTAATTCCCCTATTTGTTTATTTTTCTAAATACATTCAAATATGTATCCGCTCATGAGACAATAACCCTGATAAATGCTTCAATAATATTGAAAAAGGAAGAGTATGAGCATTCAGCATTTTCGTGTGGCGCTGATTCCGTTTTTTGCGGCGTTTTGCCTGCCGGTGTTTGCGCATCCGGAAACCCTGGTGAAAGTGAAAGATGCGGAAGATCAACTGGGTGCGCGCGTGGGCTATATTGAACTGGATCTGAACAGCGGCAAAATTCTGGAATCTTTTCGTCCGGAAGAACGTTTTCCGATGATGAGCACCTTTAAAGTGCTGCTGTGCGGTGCGGTTCTGAGCCGTGTGGATGCGGGCCAGGAACAACTGGGCCGTCGTATTCATTATAGCCAGAACGATCTGGTGGAATATAGCCCGGTGACCGAAAAACATCTGACCGATGGCATGACCGTGCGTGAACTGTGCAGCGCGGCGATTACCATGAGCGATAACACCGCGGCGAACCTGCTGCTGACGACCATTGGCGGTCCGAAAGAACTGACCGCGTTTCTGCATAACATGGGCGATCATGTGACCCGTCTGGATCGTTGGGAACCGGAACTGAACGAAGCGATTCCGAACGATGAACGTGATACCACCATGCCGGCAGCAATGGCGACCACCCTGCGTAAACTGCTGACGGGTGAGCTGCTGACCCTGGCAAGCCGCCAGCAACTGATTGATTGGATGGAAGCGGATAAAGTGGCGGGTCCGCTGCTGCGTAGCGCGCTGCCGGCTGGCTGGTTTATTGCGGATAAAAGCGGTGCGGGCGAACGTGGCAGCCGTGGCATTATTGCGGCGCTGGGCCCGGATGGTAAACCGAGCCGTATTGTGGTGATTTATACCACCGGCAGCCAGGCGACGATGGATGAACGTAACCGTCAGATTGCGGAAATTGGCGCGAGCCTGATTAAACATTGGTAAACCGATACAATTAAAGGCTCCTTTTGGAGCCTTTTTTTTTGGACGACCCTTGTCCTTTTCCGCTGCATAACCCTGCTTCGGGGTCATTATAGCGATTTTTTCGGTATATCCATCCTTTTTCGCACGATATACAGGATTTTGCCAAAGGGTTCGTGTAGACTTTCCTTGGTGTATCCAACGGCGTCAGCCGGGCAGGATAGGTGAAGTAGGCCCACCCGCGAGCGGGTGTTCCTTCTTCACTGTCCCTTATTCGCACCTGGCGGTGCTCAACGGGAATCCTGCTCTGCGAGGCTGGCCGTAGGCCGGCCCCGTAGAAAAGATCAAAGGATCTTCTTGAGATCCTTTTTTTCTGCGCGTAATCTGCTGCTTGCAAACAAAAAAACCACCGCTACCAGCGGTGGTTTGTTTGCCGGATCAAGAGCTACCAACTCTTTTTCCGAAGGTAACTGGCTTCAGCAGAGCGCAGATACCAAATACTGTTCTTCTAGTGTAGCCGTAGTTAGGCCACCACTTCAAGAACTCTGTAGCACCGCCTACATACCTCGCTCTGCTAATCCTGTTACCAGTGGCTGCTGCCAGTGGCGATAAGTCGTGTCTTACCGGGTTGGACTCAAGACGATAGTTACCGGATAAGGCGCAGCGGTCGGGCTGAACGGGGGGTTCGTGCACACAGCCCAGCTTGGAGCGAACGACCTACACCGAACTGAGATACCTACAGCGTGAGCTATGAGAAAGCGCCACGCTTCCCGAAGGGAGAAAGGCGGACAGGTATCCGGTAAGCGGCAGGGTCGGAACAGGAGAGCGCACGAGGGAGCTTCCAGGGGGAAACGCCTGGTATCTTTATAGTCCTGTCGGGTTTCGCCACCTCTGACTTGAGCGTCGATTTTTGTGATGCTCGTCAGGGGGGCGGAGCCTATGGAAAAACGCCAGCAACGCGGCCTTTTTACGGTTCCTGGCCTTTTGCTGGCCTTTTGCTCACATGTTCTTTCCTGCGTTATCCCCTGATTCTGTGGATAACCGTATTACCGCCTTTGAGTGAGCTGATACCGCTCGCCGCAGCCGAACGACCGAGCGCAGCGAGTCAGTGAGCGAGGAAGCGGAAGAGCGCCCAATACGCAAACCGCCTCTCCCCGCGCGTTGGCCGATTCATTAATGCAGCTGGCACGACAGGTTTCCCGACTGGAAAGCGGGCAGTGAGCGCAACGCAATTAATGTGAGTTAGCTCACTCATTAGGCAGGCGCGCCCAGCTGTCT,2696,393
PBetI_P,AGGGCGGCGGATTTGTCCTACTCAGGAGAGCGTTCACCGACAAACAACAGATAAAACGAAAGGCCCAGTCTTTCGACTGAGCCTTTCGTTTTATTTGATGCCTTTAATTAAGGAGTTTTGCAGGTGCACCTGCTTTTCGCTGAATTCGCGGCCGCTTCTAGAGGGTCTGCGATGTTTGGTCTCAGGAGAGCGCGGGTGAGAGGGATTCGTTACCAATAGACAATTGATTGGACGTTCAATATAATGCTAGCTACTTGAGACCTTTCATCGCGACCTACTAGTAGCGGCCGCTGCAGGGAGTTGTCTTCGAAGACTTCGCTCTAGTCTTGGACTCCTGTTGATAGATCCAGTAATGACCTCAGAACTCCATCTGGATTTGTTCAGAACGCTCGGTTGCCGCCGGGCGTTTTTTATTGGTGAGAATCCAGGGGTCCCCAATAATTACGATTTAAATTAGTAGCCCGCCTAATGAGCGGGCTTTTTTTTAATTCCCCTATTTGTTTATTTTTCTAAATACATTCAAATATGTATCCGCTCATGAGACAATAACCCTGATAAATGCTTCAATAATATTGAAAAAGGAAGAGTATGAGCATTCAGCATTTTCGTGTGGCGCTGATTCCGTTTTTTGCGGCGTTTTGCCTGCCGGTGTTTGCGCATCCGGAAACCCTGGTGAAAGTGAAAGATGCGGAAGATCAACTGGGTGCGCGCGTGGGCTATATTGAACTGGATCTGAACAGCGGCAAAATTCTGGAATCTTTTCGTCCGGAAGAACGTTTTCCGATGATGAGCACCTTTAAAGTGCTGCTGTGCGGTGCGGTTCTGAGCCGTGTGGATGCGGGCCAGGAACAACTGGGCCGTCGTATTCATTATAGCCAGAACGATCTGGTGGAATATAGCCCGGTGACCGAAAAACATCTGACCGATGGCATGACCGTGCGTGAACTGTGCAGCGCGGCGATTACCATGAGCGATAACACCGCGGCGAACCTGCTGCTGACGACCATTGGCGGTCCGAAAGAACTGACCGCGTTTCTGCATAACATGGGCGATCATGTGACCCGTCTGGATCGTTGGGAACCGGAACTGAACGAAGCGATTCCGAACGATGAACGTGATACCACCATGCCGGCAGCAATGGCGACCACCCTGCGTAAACTGCTGACGGGTGAGCTGCTGACCCTGGCAAGCCGCCAGCAACTGATTGATTGGATGGAAGCGGATAAAGTGGCGGGTCCGCTGCTGCGTAGCGCGCTGCCGGCTGGCTGGTTTATTGCGGATAAAAGCGGTGCGGGCGAACGTGGCAGCCGTGGCATTATTGCGGCGCTGGGCCCGGATGGTAAACCGAGCCGTATTGTGGTGATTTATACCACCGGCAGCCAGGCGACGATGGATGAACGTAACCGTCAGATTGCGGAAATTGGCGCGAGCCTGATTAAACATTGGTAAACCGATACAATTAAAGGCTCCTTTTGGAGCCTTTTTTTTTGGACGACCCTTGTCCTTTTCCGCTGCATAACCCTGCTTCGGGGTCATTATAGCGATTTTTTCGGTATATCCATCCTTTTTCGCACGATATACAGGATTTTGCCAAAGGGTTCGTGTAGACTTTCCTTGGTGTATCCAACGGCGTCAGCCGGGCAGGATAGGTGAAGTAGGCCCACCCGCGAGCGGGTGTTCCTTCTTCACTGTCCCTTATTCGCACCTGGCGGTGCTCAACGGGAATCCTGCTCTGCGAGGCTGGCCGTAGGCCGGCCCCGTAGAAAAGATCAAAGGATCTTCTTGAGATCCTTTTTTTCTGCGCGTAATCTGCTGCTTGCAAACAAAAAAACCACCGCTACCAGCGGTGGTTTGTTTGCCGGATCAAGAGCTACCAACTCTTTTTCCGAAGGTAACTGGCTTCAGCAGAGCGCAGATACCAAATACTGTTCTTCTAGTGTAGCCGTAGTTAGGCCACCACTTCAAGAACTCTGTAGCACCGCCTACATACCTCGCTCTGCTAATCCTGTTACCAGTGGCTGCTGCCAGTGGCGATAAGTCGTGTCTTACCGGGTTGGACTCAAGACGATAGTTACCGGATAAGGCGCAGCGGTCGGGCTGAACGGGGGGTTCGTGCACACAGCCCAGCTTGGAGCGAACGACCTACACCGAACTGAGATACCTACAGCGTGAGCTATGAGAAAGCGCCACGCTTCCCGAAGGGAGAAAGGCGGACAGGTATCCGGTAAGCGGCAGGGTCGGAACAGGAGAGCGCACGAGGGAGCTTCCAGGGGGAAACGCCTGGTATCTTTATAGTCCTGTCGGGTTTCGCCACCTCTGACTTGAGCGTCGATTTTTGTGATGCTCGTCAGGGGGGCGGAGCCTATGGAAAAACGCCAGCAACGCGGCCTTTTTACGGTTCCTGGCCTTTTGCTGGCCTTTTGCTCACATGTTCTTTCCTGCGTTATCCCCTGATTCTGTGGATAACCGTATTACCGCCTTTGAGTGAGCTGATACCGCTCGCCGCAGCCGAACGACCGAGCGCAGCGAGTCAGTGAGCGAGGAAGCGGAAGAGCGCCCAATACGCAAACCGCCTCTCCCCGCGCGTTGGCCGATTCATTAATGCAGCTGGCACGACAGGTTTCCCGACTGGAAAGCGGGCAGTGAGCGCAACGCAATTAATGTGAGTTAGCTCACTCATTAGGCAGGCGCGCCCAGCTGTCT,2703,400
